Frame ID,QR id,QR 2D,QR 3D
30,37,"[[504. 647.], [509. 638.], [515. 645.], [513. 683.]]","[1.5849213755054576, 3.181385924212492, -71.72839277877769, -122.11825681667203]"
276,17,"[[864. 105.], [864.  86.], [866.  88.], [867.  96.]]","[3.8160798485259573, 24.00641501657597, -103.97883098391232, -127.12940585828794]"
288,17,"[[188. 485.], [177. 485.], [172. 477.], [189. 483.]]","[3.417489905100741, -16.74645961525846, -167.45149960302035, 119.37324041327734]"
